"No.","Time","Source","Destination","Protocol","Length","Time since reference or first frame","Info"
"2","0.000199","10.0.0.14","159.124.42.26","TLSv1.2","111","0.000199000","Application Data"
"5","0.050956","10.0.0.14","159.124.42.26","TLSv1.2","271","0.050956000","Application Data"
"12","0.162832","10.0.0.14","159.124.42.26","TCP","68","0.162832000","36690  >  443 [ACK] Seq=247 Ack=44 Win=501 Len=0 TSval=2184491153 TSecr=1968084175"
"43","0.701821","10.0.0.14","159.124.42.26","TCP","68","0.701821000","36690  >  443 [ACK] Seq=247 Ack=116 Win=501 Len=0 TSval=2184491692 TSecr=1968084754"
"46","0.730560","10.0.0.14","159.124.42.26","TLSv1.2","111","0.730560000","Application Data"
"66","0.959382","2a06:c701:472d:c000:f796:c198:3a7:a863","2407:30c0:182::aa72:3406","TCP","88","0.959382000","[TCP ACKed unseen segment] 57446  >  443 [ACK] Seq=1 Ack=2 Win=501 Len=0 TSval=681145652 TSecr=3899337116"
"83","1.188972","2a06:c701:472d:c000:f796:c198:3a7:a863","2407:30c0:182::aa72:3406","TCP","88","1.188972000","[TCP ACKed unseen segment] 57458  >  443 [ACK] Seq=1 Ack=2 Win=501 Len=0 TSval=681145881 TSecr=2970038552"
"105","1.492873","10.0.0.14","159.124.42.26","TLSv1.2","111","1.492873000","Application Data"
"114","1.589148","10.0.0.14","159.124.42.26","TLSv1.2","106","1.589148000","Application Data"
"124","1.698769","10.0.0.14","159.124.42.26","TCP","68","1.698769000","36690  >  443 [ACK] Seq=371 Ack=226 Win=501 Len=0 TSval=2184492689 TSecr=1968085708"
"126","1.708633","10.0.0.14","159.124.42.26","TCP","68","1.708633000","36690  >  443 [ACK] Seq=371 Ack=275 Win=501 Len=0 TSval=2184492699 TSecr=1968085759"
"127","1.708820","10.0.0.14","159.124.42.26","TLSv1.2","135","1.708820000","Application Data"
"154","2.031577","10.0.0.14","159.124.42.26","TLSv1.2","106","2.031577000","Application Data"
"162","2.092228","10.0.0.14","159.124.42.26","TLSv1.2","111","2.092228000","Application Data"
"167","2.138816","10.0.0.14","159.124.42.26","TCP","68","2.138816000","36698  >  443 [ACK] Seq=39 Ack=39 Win=501 Len=0 TSval=2184493129 TSecr=1968086151"
"169","2.170536","10.0.0.14","159.124.42.26","TCP","68","2.170536000","36698  >  443 [ACK] Seq=39 Ack=88 Win=501 Len=0 TSval=2184493161 TSecr=1968086186"
"170","2.170682","10.0.0.14","159.124.42.26","TLSv1.2","135","2.170682000","Application Data"
"174","2.208741","10.0.0.14","159.124.42.26","TLSv1.2","111","2.208741000","Application Data"
"213","3.090118","2a06:c701:472d:c000:f796:c198:3a7:a863","2a03:2880:f242:c8:face:b00c:0:167","TCP","88","3.090118000","60612  >  443 [ACK] Seq=1 Ack=1345 Win=493 Len=0 TSval=1247497384 TSecr=2323639229"
"223","3.416700","2a06:c701:472d:c000:f796:c198:3a7:a863","2a03:2880:f242:c8:face:b00c:0:167","TLSv1.2","184","3.416700000","Application Data"
"336","3.831001","2a06:c701:472d:c000:f796:c198:3a7:a863","2600:9000:2024:8600:e:4185:5680:93a1","TLSv1.2","156","3.831001000","Application Data"
"337","3.832003","2a06:c701:472d:c000:f796:c198:3a7:a863","2600:9000:2024:8600:e:4185:5680:93a1","TLSv1.2","189","3.832003000","Application Data, Application Data"
"343","3.886820","2a06:c701:472d:c000:f796:c198:3a7:a863","2600:9000:2024:8600:e:4185:5680:93a1","TCP","88","3.886820000","33124  >  443 [ACK] Seq=170 Ack=40 Win=501 Len=0 TSval=2848994319 TSecr=3798510776"
"345","3.915593","2a06:c701:472d:c000:f796:c198:3a7:a863","2600:9000:2024:8600:e:4185:5680:93a1","TCP","88","3.915593000","33124  >  443 [ACK] Seq=170 Ack=1070 Win=493 Len=0 TSval=2848994348 TSecr=3798510845"
"346","3.916287","2a06:c701:472d:c000:f796:c198:3a7:a863","2600:9000:2024:8600:e:4185:5680:93a1","TLSv1.2","123","3.916287000","Application Data"
"348","3.918818","2a06:c701:472d:c000:f796:c198:3a7:a863","2600:9000:2024:8600:e:4185:5680:93a1","TLSv1.2","123","3.918818000","Application Data"
"352","3.960656","10.0.0.14","159.124.42.26","TLSv1.2","111","3.960656000","Application Data"
"371","4.248899","10.0.0.14","159.124.42.26","TLSv1.2","111","4.248899000","Application Data"
"376","4.312163","10.0.0.14","159.124.42.26","TLSv1.2","825","4.312163000","Application Data"
"379","4.337415","10.0.0.14","159.124.42.26","TLSv1.2","139","4.337415000","Application Data"
"386","4.427242","10.0.0.14","159.124.42.26","TCP","68","4.427242000","36690  >  443 [ACK] Seq=1438 Ack=677 Win=501 Len=0 TSval=2184495417 TSecr=1968088481"
"388","4.474112","10.0.0.14","159.124.42.26","TLSv1.2","111","4.474112000","Application Data"
"392","4.538808","10.0.0.14","159.124.42.26","TCP","68","4.538808000","36690  >  443 [ACK] Seq=1481 Ack=749 Win=501 Len=0 TSval=2184495529 TSecr=1968088547"
"393","4.569227","10.0.0.14","159.124.42.26","TLSv1.2","111","4.569227000","Application Data"
"413","5.108874","10.0.0.14","159.124.42.26","TLSv1.2","241","5.108874000","Application Data"
"417","5.187775","10.0.0.14","159.124.42.26","TCP","68","5.187775000","36690  >  443 [ACK] Seq=1697 Ack=792 Win=501 Len=0 TSval=2184496178 TSecr=1968089232"
"423","5.367317","10.0.0.14","159.124.42.26","TLSv1.2","106","5.367317000","Application Data"
"427","5.430048","2a06:c701:472d:c000:f796:c198:3a7:a863","2a03:2880:f242:c8:face:b00c:0:167","TLSv1.2","159","5.430048000","Application Data"
"429","5.430806","10.0.0.14","159.124.42.26","TCP","68","5.430806000","36690  >  443 [ACK] Seq=1735 Ack=830 Win=501 Len=0 TSval=2184496421 TSecr=1968089484"
"431","5.453465","10.0.0.14","159.124.42.26","TCP","68","5.453465000","36690  >  443 [ACK] Seq=1735 Ack=879 Win=501 Len=0 TSval=2184496444 TSecr=1968089507"
"432","5.453707","10.0.0.14","159.124.42.26","TLSv1.2","135","5.453707000","Application Data"
"476","5.811071","10.0.0.14","159.124.42.26","TLSv1.2","106","5.811071000","Application Data"
"484","5.890022","10.0.0.14","159.124.42.26","TCP","68","5.890022000","36698  >  443 [ACK] Seq=144 Ack=175 Win=501 Len=0 TSval=2184496880 TSecr=1968089928"
"485","5.890171","10.0.0.14","159.124.42.26","TLSv1.2","135","5.890171000","Application Data"
"498","5.952225","10.0.0.14","159.124.42.26","TLSv1.2","111","5.952225000","Application Data"
"506","6.079299","2a06:c701:472d:c000:f796:c198:3a7:a863","2407:30c0:182::aa72:3406","TCP","88","6.079299000","[TCP Dup ACK 66#1] [TCP ACKed unseen segment] 57446  >  443 [ACK] Seq=1 Ack=2 Win=501 Len=0 TSval=681150771 TSecr=3899337116"
"511","6.154821","10.0.0.14","159.124.42.26","TCP","68","6.154821000","36690  >  443 [ACK] Seq=1845 Ack=1010 Win=501 Len=0 TSval=2184497145 TSecr=1968090167"
"512","6.163954","10.0.0.14","159.124.42.26","TLSv1.2","111","6.163954000","Application Data"
"524","6.293597","2a06:c701:472d:c000:f796:c198:3a7:a863","2407:30c0:182::aa72:3406","TCP","88","6.293597000","[TCP Dup ACK 83#1] [TCP ACKed unseen segment] 57458  >  443 [ACK] Seq=1 Ack=2 Win=501 Len=0 TSval=681150986 TSecr=2970038552"
"586","7.952578","10.0.0.14","159.124.42.26","TCP","68","7.952578000","36690  >  443 [ACK] Seq=1888 Ack=1082 Win=501 Len=0 TSval=2184498943 TSecr=1968092005"
"587","7.952816","10.0.0.14","159.124.42.26","TLSv1.2","111","7.952816000","Application Data"
"588","7.962865","2a06:c701:472d:c000:f796:c198:3a7:a863","2a03:2880:f242:c8:face:b00c:0:167","TLSv1.2","196","7.962865000","Application Data"
"597","8.109524","2a06:c701:472d:c000:f796:c198:3a7:a863","2a03:2880:f242:c8:face:b00c:0:167","TCP","88","8.109524000","60612  >  443 [ACK] Seq=276 Ack=1440 Win=501 Len=0 TSval=1247502404 TSecr=2323644252"
"654","8.957646","10.0.0.14","159.124.42.26","TLSv1.2","111","8.957646000","Application Data"
"659","8.994390","2a06:c701:472d:c000:f796:c198:3a7:a863","2a03:2880:f242:c8:face:b00c:0:167","TCP","88","8.994390000","60612  >  443 [ACK] Seq=276 Ack=1520 Win=501 Len=0 TSval=1247503289 TSecr=2323645137"
"667","9.108097","10.0.0.14","159.124.42.26","TLSv1.2","106","9.108097000","Application Data"
"676","9.201992","10.0.0.14","159.124.42.26","TCP","68","9.201992000","36690  >  443 [ACK] Seq=2012 Ack=1241 Win=501 Len=0 TSval=2184500192 TSecr=1968093225"
"677","9.202225","10.0.0.14","159.124.42.26","TLSv1.2","135","9.202225000","Application Data"
"706","9.568504","10.0.0.14","159.124.42.26","TLSv1.2","106","9.568504000","Application Data"
"719","9.638521","10.0.0.14","159.124.42.26","TCP","68","9.638521000","36698  >  443 [ACK] Seq=249 Ack=262 Win=501 Len=0 TSval=2184500629 TSecr=1968093685"
"720","9.638668","10.0.0.14","159.124.42.26","TLSv1.2","135","9.638668000","Application Data"
"748","9.953050","10.0.0.14","159.124.42.26","TLSv1.2","111","9.953050000","Application Data"
"813","11.200009","2a06:c701:472d:c000:f796:c198:3a7:a863","2407:30c0:182::aa72:3406","TCP","88","11.200009000","[TCP Dup ACK 66#2] [TCP ACKed unseen segment] 57446  >  443 [ACK] Seq=1 Ack=2 Win=501 Len=0 TSval=681155892 TSecr=3899337116"
"823","11.414759","2a06:c701:472d:c000:f796:c198:3a7:a863","2407:30c0:182::aa72:3406","TCP","88","11.414759000","[TCP Dup ACK 83#2] [TCP ACKed unseen segment] 57458  >  443 [ACK] Seq=1 Ack=2 Win=501 Len=0 TSval=681156107 TSecr=2970038552"
"841","11.991312","10.0.0.14","159.124.42.26","TLSv1.2","111","11.991312000","Application Data"
"868","12.869116","10.0.0.14","159.124.42.26","TLSv1.2","106","12.869116000","Application Data"
"875","12.959700","10.0.0.14","159.124.42.26","TCP","68","12.959700000","36690  >  443 [ACK] Seq=2203 Ack=1472 Win=501 Len=0 TSval=2184503950 TSecr=1968096985"
"876","12.959817","10.0.0.14","159.124.42.26","TLSv1.2","135","12.959817000","Application Data"
"891","13.344709","10.0.0.14","159.124.42.26","TLSv1.2","106","13.344709000","Application Data"
"893","13.386120","10.0.0.14","159.124.42.26","TLSv1.2","135","13.386120000","Application Data"
"899","13.458840","10.0.0.14","159.124.42.26","TCP","68","13.458840000","36698  >  443 [ACK] Seq=421 Ack=349 Win=501 Len=0 TSval=2184504449 TSecr=1968097462"
"996","15.674580","2a06:c701:472d:c000:f796:c198:3a7:a863","2a03:2880:f242:c8:face:b00c:0:167","TCP","88","15.674580000","60612  >  443 [ACK] Seq=276 Ack=1600 Win=501 Len=0 TSval=1247509969 TSecr=2323651818"
"1011","16.090654","2a06:c701:472d:c000:f796:c198:3a7:a863","2a03:2880:f242:c8:face:b00c:0:167","TCP","88","16.090654000","60612  >  443 [ACK] Seq=276 Ack=1871 Win=499 Len=0 TSval=1247510385 TSecr=2323652198"
"1015","16.205461","2a06:c701:472d:c000:f796:c198:3a7:a863","2a03:2880:f242:c8:face:b00c:0:167","TLSv1.2","180","16.205461000","Application Data"
"1019","16.227152","10.0.0.14","159.124.42.26","TLSv1.2","111","16.227152000","Application Data"
"1024","16.318748","2a06:c701:472d:c000:f796:c198:3a7:a863","2407:30c0:182::aa72:3406","TCP","88","16.318748000","[TCP Dup ACK 66#3] [TCP ACKed unseen segment] 57446  >  443 [ACK] Seq=1 Ack=2 Win=501 Len=0 TSval=681161011 TSecr=3899337116"
"1033","16.534015","2a06:c701:472d:c000:f796:c198:3a7:a863","2407:30c0:182::aa72:3406","TCP","88","16.534015000","[TCP Dup ACK 83#3] [TCP ACKed unseen segment] 57458  >  443 [ACK] Seq=1 Ack=2 Win=501 Len=0 TSval=681161226 TSecr=2970038552"
"1034","16.607946","10.0.0.14","159.124.42.26","TLSv1.2","106","16.607946000","Application Data"
"1040","16.706181","10.0.0.14","159.124.42.26","TCP","68","16.706181000","36690  >  443 [ACK] Seq=2351 Ack=1618 Win=501 Len=0 TSval=2184507696 TSecr=1968100724"
"1041","16.706307","10.0.0.14","159.124.42.26","TLSv1.2","135","16.706307000","Application Data"
"1063","16.964186","10.0.0.14","152.199.19.160","TCP","76","16.964186000","42372  >  443 [SYN] Seq=0 Win=64240 Len=0 MSS=1460 SACK_PERM=1 TSval=286332562 TSecr=0 WS=128"
"1069","17.041426","10.0.0.14","152.199.19.160","TCP","68","17.041426000","42372  >  443 [ACK] Seq=1 Ack=1 Win=64256 Len=0 TSval=286332640 TSecr=4171254120"
"1070","17.041810","10.0.0.14","152.199.19.160","TLSv1.3","659","17.041810000","Client Hello"
"1072","17.060565","10.0.0.14","159.124.42.26","TLSv1.2","106","17.060565000","Application Data"
"1079","17.112517","10.0.0.14","159.124.42.26","TLSv1.2","139","17.112517000","Application Data"
"1082","17.128474","10.0.0.14","159.124.42.26","TCP","68","17.128474000","36698  >  443 [ACK] Seq=459 Ack=387 Win=501 Len=0 TSval=2184508119 TSecr=1968101177"
"1085","17.131814","10.0.0.14","159.124.42.26","TCP","68","17.131814000","36698  >  443 [ACK] Seq=459 Ack=436 Win=501 Len=0 TSval=2184508122 TSecr=1968101186"
"1086","17.131902","10.0.0.14","159.124.42.26","TLSv1.2","135","17.131902000","Application Data"
"1091","17.193474","10.0.0.14","159.124.42.26","TCP","68","17.193474000","36690  >  443 [ACK] Seq=2489 Ack=1732 Win=501 Len=0 TSval=2184508184 TSecr=1968101247"
"1095","17.264668","10.0.0.14","159.124.42.26","TLSv1.2","111","17.264668000","Application Data"
"1101","17.320972","10.0.0.14","152.199.19.160","TCP","68","17.320972000","42372  >  443 [ACK] Seq=592 Ack=100 Win=64256 Len=0 TSval=286332919 TSecr=4171254398"
"1102","17.321250","10.0.0.14","152.199.19.160","TLSv1.3","693","17.321250000","Change Cipher Spec, Client Hello"
"1110","17.415186","10.0.0.14","152.199.19.160","TCP","68","17.415186000","42372  >  443 [ACK] Seq=1217 Ack=7493 Win=64128 Len=0 TSval=286333013 TSecr=4171254480"
"1111","17.421465","10.0.0.14","152.199.19.160","TLSv1.3","142","17.421465000","Application Data"
"1112","17.421790","10.0.0.14","152.199.19.160","TLSv1.3","166","17.421790000","Application Data"
"1114","17.429318","10.0.0.14","152.199.19.160","TLSv1.3","365","17.429318000","Application Data"
"1122","17.506131","10.0.0.14","152.199.19.160","TCP","68","17.506131000","42372  >  443 [ACK] Seq=1686 Ack=8130 Win=64128 Len=0 TSval=286333104 TSecr=4171254584"
"1123","17.506305","10.0.0.14","152.199.19.160","TLSv1.3","99","17.506305000","Application Data"
"1125","17.508207","10.0.0.14","152.199.19.160","TLSv1.3","103","17.508207000","Application Data"
"1158","17.992340","10.0.0.14","159.124.42.26","TLSv1.2","111","17.992340000","Application Data"
"1167","18.062123","10.0.0.14","159.124.42.26","TLSv1.2","827","18.062123000","Application Data"
"1178","18.178820","10.0.0.14","159.124.42.26","TCP","68","18.178820000","36690  >  443 [ACK] Seq=3334 Ack=1847 Win=501 Len=0 TSval=2184509169 TSecr=1968102191"
"1230","18.961419","10.0.0.14","159.124.42.26","TCP","68","18.961419000","36690  >  443 [ACK] Seq=3334 Ack=1919 Win=501 Len=0 TSval=2184509952 TSecr=1968103014"
"1231","18.961608","10.0.0.14","159.124.42.26","TLSv1.2","111","18.961608000","Application Data"
"1262","19.957319","10.0.0.14","159.124.42.26","TLSv1.2","111","19.957319000","Application Data"
"1277","20.363133","10.0.0.14","159.124.42.26","TLSv1.2","106","20.363133000","Application Data"
"1282","20.452723","10.0.0.14","159.124.42.26","TCP","68","20.452723000","36690  >  443 [ACK] Seq=3458 Ack=2078 Win=501 Len=0 TSval=2184511443 TSecr=1968104479"
"1283","20.452920","10.0.0.14","159.124.42.26","TLSv1.2","135","20.452920000","Application Data"
"1294","20.788594","10.0.0.14","159.124.42.26","TLSv1.2","106","20.788594000","Application Data"
"1304","20.890173","10.0.0.14","159.124.42.26","TCP","68","20.890173000","36698  >  443 [ACK] Seq=564 Ack=523 Win=501 Len=0 TSval=2184511880 TSecr=1968104907"
"1305","20.890366","10.0.0.14","159.124.42.26","TLSv1.2","135","20.890366000","Application Data"
"1333","21.438012","2a06:c701:472d:c000:f796:c198:3a7:a863","2407:30c0:182::aa72:3406","TCP","88","21.438012000","[TCP Dup ACK 66#4] [TCP ACKed unseen segment] 57446  >  443 [ACK] Seq=1 Ack=2 Win=501 Len=0 TSval=681166130 TSecr=3899337116"
"1340","21.654856","2a06:c701:472d:c000:f796:c198:3a7:a863","2407:30c0:182::aa72:3406","TCP","88","21.654856000","[TCP Dup ACK 83#4] [TCP ACKed unseen segment] 57458  >  443 [ACK] Seq=1 Ack=2 Win=501 Len=0 TSval=681166347 TSecr=2970038552"
"1351","21.957228","10.0.0.14","159.124.42.26","TLSv1.2","111","21.957228000","Application Data"
"1424","24.120927","10.0.0.14","159.124.42.26","TLSv1.2","106","24.120927000","Application Data"
"1430","24.200694","10.0.0.14","159.124.42.26","TCP","68","24.200694000","36690  >  443 [ACK] Seq=3606 Ack=2237 Win=501 Len=0 TSval=2184515191 TSecr=1968108237"
"1431","24.200777","10.0.0.14","159.124.42.26","TLSv1.2","135","24.200777000","Application Data"
"1445","24.559595","10.0.0.14","159.124.42.26","TLSv1.2","106","24.559595000","Application Data"
"1454","24.638099","10.0.0.14","159.124.42.26","TCP","68","24.638099000","36698  >  443 [ACK] Seq=669 Ack=610 Win=501 Len=0 TSval=2184515628 TSecr=1968108677"
"1455","24.638180","10.0.0.14","159.124.42.26","TLSv1.2","135","24.638180000","Application Data"
"1515","26.312419","10.0.0.14","159.124.42.26","TLSv1.2","111","26.312419000","Application Data"
"1526","26.557969","2a06:c701:472d:c000:f796:c198:3a7:a863","2407:30c0:182::aa72:3406","TCP","88","26.557969000","[TCP Dup ACK 66#5] [TCP ACKed unseen segment] 57446  >  443 [ACK] Seq=1 Ack=2 Win=501 Len=0 TSval=681171250 TSecr=3899337116"
"1533","26.774904","2a06:c701:472d:c000:f796:c198:3a7:a863","2407:30c0:182::aa72:3406","TCP","88","26.774904000","[TCP Dup ACK 83#5] [TCP ACKed unseen segment] 57458  >  443 [ACK] Seq=1 Ack=2 Win=501 Len=0 TSval=681171467 TSecr=2970038552"
"1566","27.857529","10.0.0.14","159.124.42.26","TLSv1.2","106","27.857529000","Application Data"
"1571","27.958389","10.0.0.14","159.124.42.26","TCP","68","27.958389000","36690  >  443 [ACK] Seq=3754 Ack=2383 Win=501 Len=0 TSval=2184518949 TSecr=1968111975"
"1572","27.958587","10.0.0.14","159.124.42.26","TLSv1.2","135","27.958587000","Application Data"
"1587","28.315020","10.0.0.14","159.124.42.26","TLSv1.2","106","28.315020000","Application Data"
"1595","28.385655","10.0.0.14","159.124.42.26","TCP","68","28.385655000","36698  >  443 [ACK] Seq=774 Ack=697 Win=501 Len=0 TSval=2184519376 TSecr=1968112432"
"1596","28.385754","10.0.0.14","159.124.42.26","TLSv1.2","135","28.385754000","Application Data"
"1645","29.862902","10.0.0.14","159.124.42.26","TLSv1.2","139","29.862902000","Application Data"
"1650","29.980447","10.0.0.14","159.124.42.26","TLSv1.2","111","29.980447000","Application Data"
"1661","30.256799","2a06:c701:472d:c000:f796:c198:3a7:a863","2a03:2880:f242:c8:face:b00c:0:167","TLSv1.2","159","30.256799000","Application Data"
"1664","30.288620","10.0.0.14","159.124.42.26","TLSv1.2","271","30.288620000","Application Data"
"1672","30.418809","10.0.0.14","159.124.42.26","TCP","68","30.418809000","36690  >  443 [ACK] Seq=4138 Ack=2505 Win=501 Len=0 TSval=2184521409 TSecr=1968114409"
"1716","31.452935","10.0.0.14","159.124.42.26","TCP","68","31.452935000","36690  >  443 [ACK] Seq=4138 Ack=2577 Win=501 Len=0 TSval=2184522443 TSecr=1968115506"
"1722","31.528789","10.0.0.14","159.124.42.26","TLSv1.2","111","31.528789000","Application Data"
"1729","31.616883","10.0.0.14","159.124.42.26","TLSv1.2","106","31.616883000","Application Data"
"1736","31.678452","2a06:c701:472d:c000:f796:c198:3a7:a863","2407:30c0:182::aa72:3406","TCP","88","31.678452000","[TCP Dup ACK 66#6] [TCP ACKed unseen segment] 57446  >  443 [ACK] Seq=1 Ack=2 Win=501 Len=0 TSval=681176371 TSecr=3899337116"
"1739","31.680910","10.0.0.14","159.124.42.26","TCP","68","31.680910000","36690  >  443 [ACK] Seq=4219 Ack=2615 Win=501 Len=0 TSval=2184522671 TSecr=1968115734"
"1743","31.710763","10.0.0.14","159.124.42.26","TCP","68","31.710763000","36690  >  443 [ACK] Seq=4219 Ack=2664 Win=501 Len=0 TSval=2184522701 TSecr=1968115760"
"1744","31.710960","10.0.0.14","159.124.42.26","TLSv1.2","135","31.710960000","Application Data"
"1752","31.812623","10.0.0.14","159.124.42.26","TLSv1.2","826","31.812623000","Application Data"
"1762","31.892989","2a06:c701:472d:c000:f796:c198:3a7:a863","2407:30c0:182::aa72:3406","TCP","88","31.892989000","[TCP Dup ACK 83#6] [TCP ACKed unseen segment] 57458  >  443 [ACK] Seq=1 Ack=2 Win=501 Len=0 TSval=681176585 TSecr=2970038552"
"1766","31.926769","10.0.0.14","159.124.42.26","TCP","68","31.926769000","36690  >  443 [ACK] Seq=5044 Ack=2707 Win=501 Len=0 TSval=2184522917 TSecr=1968115932"
"1775","32.031799","10.0.0.14","159.124.42.26","TLSv1.2","106","32.031799000","Application Data"
"1790","32.132641","10.0.0.14","159.124.42.26","TCP","68","32.132641000","36698  >  443 [ACK] Seq=879 Ack=784 Win=501 Len=0 TSval=2184523123 TSecr=1968116180"
"1791","32.132724","10.0.0.14","159.124.42.26","TLSv1.2","135","32.132724000","Application Data"
"1797","32.204197","10.0.0.14","159.124.42.26","TCP","68","32.204197000","36690  >  443 [ACK] Seq=5044 Ack=2779 Win=501 Len=0 TSval=2184523194 TSecr=1968116257"
"1800","32.229994","10.0.0.14","159.124.42.26","TLSv1.2","111","32.229994000","Application Data"
"1847","32.731263","10.0.0.14","159.124.42.26","TLSv1.2","111","32.731263000","Application Data"
"1883","33.222028","10.0.0.14","159.124.42.26","TLSv1.2","111","33.222028000","Application Data"
"1906","33.487629","10.0.0.14","159.124.42.26","TLSv1.2","111","33.487629000","Application Data"
"1938","33.974439","2a06:c701:472d:c000:f796:c198:3a7:a863","2a03:2880:f242:c8:face:b00c:0:167","TCP","88","33.974439000","60612  >  443 [ACK] Seq=439 Ack=3215 Win=493 Len=0 TSval=1247528269 TSecr=2323670117"
"1939","34.006769","10.0.0.14","159.124.42.26","TCP","68","34.006769000","36690  >  443 [ACK] Seq=5216 Ack=3067 Win=501 Len=0 TSval=2184524997 TSecr=1968118014"
"1940","34.012536","10.0.0.14","159.124.42.26","TLSv1.2","111","34.012536000","Application Data"
"1943","34.046823","10.0.0.14","54.221.231.6","TCP","68","34.046823000","47406  >  443 [ACK] Seq=1 Ack=1 Win=501 Len=0 TSval=756781011 TSecr=2462669724"
"1951","34.245703","2a06:c701:472d:c000:f796:c198:3a7:a863","2a03:2880:f242:c8:face:b00c:0:167","TLSv1.2","184","34.245703000","Application Data"
"1968","34.814824","10.0.0.14","140.82.114.26","TCP","68","34.814824000","37730  >  443 [ACK] Seq=1 Ack=1 Win=501 Len=0 TSval=2095549708 TSecr=79851953"
"1986","35.327465","10.0.0.14","159.124.42.26","TLSv1.2","106","35.327465000","Application Data"
"1990","35.397070","10.0.0.14","159.124.42.26","TCP","68","35.397070000","36690  >  443 [ACK] Seq=5297 Ack=3105 Win=501 Len=0 TSval=2184526387 TSecr=1968119444"
"1996","35.453081","10.0.0.14","159.124.42.26","TCP","68","35.453081000","36690  >  443 [ACK] Seq=5297 Ack=3154 Win=501 Len=0 TSval=2184526443 TSecr=1968119507"
"1997","35.453250","10.0.0.14","159.124.42.26","TLSv1.2","135","35.453250000","Application Data"
"2010","35.779816","10.0.0.14","159.124.42.26","TLSv1.2","106","35.779816000","Application Data"
"2017","35.862549","10.0.0.14","34.237.73.95","TLSv1.2","315","35.862549000","Application Data"
"2018","35.862995","10.0.0.14","34.237.73.95","TLSv1.2","224","35.862995000","Application Data"
"2019","35.886785","10.0.0.14","159.124.42.26","TCP","68","35.886785000","36698  >  443 [ACK] Seq=984 Ack=822 Win=501 Len=0 TSval=2184526877 TSecr=1968119898"
"2021","35.889419","10.0.0.14","159.124.42.26","TCP","68","35.889419000","36698  >  443 [ACK] Seq=984 Ack=871 Win=501 Len=0 TSval=2184526880 TSecr=1968119943"
"2022","35.889588","10.0.0.14","159.124.42.26","TLSv1.2","135","35.889588000","Application Data"
"2027","35.951032","10.0.0.14","159.124.42.26","TLSv1.2","111","35.951032000","Application Data"
"2033","36.018307","10.0.0.14","34.237.73.95","TCP","68","36.018307000","49870  >  443 [ACK] Seq=404 Ack=271 Win=499 Len=0 TSval=3770922630 TSecr=758072634"
"2036","36.094851","10.0.0.14","104.121.10.34","TCP","68","36.094851000","46628  >  443 [ACK] Seq=1 Ack=1 Win=501 Len=0 TSval=3059304060 TSecr=870957985"
"2037","36.098812","10.0.0.14","13.226.2.120","TCP","68","36.098812000","36092  >  443 [ACK] Seq=1 Ack=1 Win=501 Len=0 TSval=901150795 TSecr=532933146"
"2062","36.392260","10.0.0.14","159.124.42.26","TLSv1.2","111","36.392260000","Application Data"
"2090","36.797980","2a06:c701:472d:c000:f796:c198:3a7:a863","2407:30c0:182::aa72:3406","TCP","88","36.797980000","[TCP Dup ACK 66#7] [TCP ACKed unseen segment] 57446  >  443 [ACK] Seq=1 Ack=2 Win=501 Len=0 TSval=681181490 TSecr=3899337116"
"2096","36.934485","2a06:c701:472d:c000:f796:c198:3a7:a863","2a03:2880:f242:c8:face:b00c:0:167","TLSv1.2","158","36.934485000","Application Data"
"2100","37.014291","2a06:c701:472d:c000:f796:c198:3a7:a863","2407:30c0:182::aa72:3406","TCP","88","37.014291000","[TCP Dup ACK 83#7] [TCP ACKed unseen segment] 57458  >  443 [ACK] Seq=1 Ack=2 Win=501 Len=0 TSval=681181706 TSecr=2970038552"
"2104","37.079313","2a06:c701:472d:c000:f796:c198:3a7:a863","2a03:2880:f242:c8:face:b00c:0:167","TCP","88","37.079313000","60612  >  443 [ACK] Seq=605 Ack=3287 Win=501 Len=0 TSval=1247531373 TSecr=2323673222"
"2166","38.489887","10.0.0.14","159.124.42.26","TLSv1.2","111","38.489887000","Application Data"
"2211","39.092313","10.0.0.14","159.124.42.26","TLSv1.2","106","39.092313000","Application Data"
"2222","39.202404","10.0.0.14","159.124.42.26","TCP","68","39.202404000","36690  >  443 [ACK] Seq=5531 Ack=3444 Win=501 Len=0 TSval=2184530193 TSecr=1968123216"
"2223","39.202537","10.0.0.14","159.124.42.26","TLSv1.2","135","39.202537000","Application Data"
"2244","39.490082","10.0.0.14","159.124.42.26","TLSv1.2","111","39.490082000","Application Data"
"2252","39.548106","10.0.0.14","159.124.42.26","TLSv1.2","106","39.548106000","Application Data"
"2266","39.637369","10.0.0.14","159.124.42.26","TCP","68","39.637369000","36698  >  443 [ACK] Seq=1089 Ack=958 Win=501 Len=0 TSval=2184530628 TSecr=1968123665"
"2267","39.637473","10.0.0.14","159.124.42.26","TLSv1.2","135","39.637473000","Application Data"
"2283","39.952836","10.0.0.14","159.124.42.26","TLSv1.2","111","39.952836000","Application Data"
"2306","40.499689","2a06:c701:472d:c000:f796:c198:3a7:a863","2a03:2880:f242:c8:face:b00c:0:167","TLSv1.2","159","40.499689000","Application Data"
"2353","41.917523","2a06:c701:472d:c000:f796:c198:3a7:a863","2407:30c0:182::aa72:3406","TCP","88","41.917523000","[TCP Dup ACK 66#8] [TCP ACKed unseen segment] 57446  >  443 [ACK] Seq=1 Ack=2 Win=501 Len=0 TSval=681186610 TSecr=3899337116"
"2355","41.958061","10.0.0.14","159.124.42.26","TLSv1.2","111","41.958061000","Application Data"
"2363","42.133122","2a06:c701:472d:c000:f796:c198:3a7:a863","2407:30c0:182::aa72:3406","TCP","88","42.133122000","[TCP Dup ACK 83#8] [TCP ACKed unseen segment] 57458  >  443 [ACK] Seq=1 Ack=2 Win=501 Len=0 TSval=681186825 TSecr=2970038552"
"2378","42.661912","10.0.0.14","159.124.42.26","TLSv1.2","139","42.661912000","Application Data"
"2382","42.766820","10.0.0.14","159.124.42.26","TCP","68","42.766820000","36690  >  443 [ACK] Seq=5798 Ack=3739 Win=501 Len=0 TSval=2184533757 TSecr=1968126779"
"2383","42.775554","10.0.0.14","159.124.42.26","TLSv1.2","111","42.775554000","Application Data"
"2386","42.866364","10.0.0.14","159.124.42.26","TLSv1.2","106","42.866364000","Application Data"
"2394","42.929414","10.0.0.14","159.124.42.26","TCP","68","42.929414000","36690  >  443 [ACK] Seq=5879 Ack=3777 Win=501 Len=0 TSval=2184533920 TSecr=1968126983"
"2396","42.958075","10.0.0.14","159.124.42.26","TCP","68","42.958075000","36690  >  443 [ACK] Seq=5879 Ack=3826 Win=501 Len=0 TSval=2184533948 TSecr=1968127011"
"2398","42.958286","10.0.0.14","159.124.42.26","TLSv1.2","135","42.958286000","Application Data"
"2412","43.313883","10.0.0.14","159.124.42.26","TLSv1.2","106","43.313883000","Application Data"
"2419","43.386007","10.0.0.14","159.124.42.26","TCP","68","43.386007000","36698  >  443 [ACK] Seq=1194 Ack=1045 Win=501 Len=0 TSval=2184534376 TSecr=1968127431"
"2420","43.386103","10.0.0.14","159.124.42.26","TLSv1.2","135","43.386103000","Application Data"
"2480","44.282988","2a06:c701:472d:c000:f796:c198:3a7:a863","2a03:2880:f242:c8:face:b00c:0:167","TCP","88","44.282988000","60612  >  443 [ACK] Seq=676 Ack=3375 Win=501 Len=0 TSval=1247538577 TSecr=2323680426"
"2481","44.286826","2a06:c701:472d:c000:f796:c198:3a7:a863","2a00:1450:4025:402::bc","TCP","88","44.286826000","40856  >  443 [ACK] Seq=1 Ack=1 Win=501 Len=0 TSval=824481661 TSecr=3883441776"
"2487","44.431313","2a06:c701:472d:c000:f796:c198:3a7:a863","2a03:2880:f242:c8:face:b00c:0:167","TLSv1.2","162","44.431313000","Application Data"
"2509","44.959233","10.0.0.14","159.124.42.26","TLSv1.2","111","44.959233000","Application Data"
"2550","45.512723","10.0.0.14","159.124.42.26","TLSv1.2","826","45.512723000","Application Data"
"2551","45.513302","10.0.0.14","159.124.42.26","TLSv1.2","268","45.513302000","Application Data"
"2562","45.630834","10.0.0.14","159.124.42.26","TCP","68","45.630834000","36690  >  443 [ACK] Seq=6947 Ack=3941 Win=501 Len=0 TSval=2184536621 TSecr=1968129632"
"2618","46.400961","10.0.0.14","159.124.42.26","TCP","68","46.400961000","36690  >  443 [ACK] Seq=6947 Ack=4000 Win=501 Len=0 TSval=2184537391 TSecr=1968130454"
"2619","46.408279","10.0.0.14","159.124.42.26","TLSv1.2","111","46.408279000","Application Data"
"2633","46.611712","10.0.0.14","159.124.42.26","TLSv1.2","106","46.611712000","Application Data"
"2644","46.710577","10.0.0.14","159.124.42.26","TCP","68","46.710577000","36690  >  443 [ACK] Seq=7028 Ack=4087 Win=501 Len=0 TSval=2184537701 TSecr=1968130728"
"2645","46.710795","10.0.0.14","159.124.42.26","TLSv1.2","135","46.710795000","Application Data"
"2673","47.038076","2a06:c701:472d:c000:f796:c198:3a7:a863","2407:30c0:182::aa72:3406","TCP","88","47.038076000","[TCP Dup ACK 66#9] [TCP ACKed unseen segment] 57446  >  443 [ACK] Seq=1 Ack=2 Win=501 Len=0 TSval=681191730 TSecr=3899337116"
"2676","47.071801","10.0.0.14","159.124.42.26","TLSv1.2","106","47.071801000","Application Data"
"2685","47.132019","10.0.0.14","159.124.42.26","TLSv1.2","135","47.132019000","Application Data"
"2691","47.174823","10.0.0.14","159.124.42.26","TCP","68","47.174823000","36698  >  443 [ACK] Seq=1366 Ack=1132 Win=501 Len=0 TSval=2184538165 TSecr=1968131189"
"2700","47.253043","2a06:c701:472d:c000:f796:c198:3a7:a863","2407:30c0:182::aa72:3406","TCP","88","47.253043000","[TCP Dup ACK 83#9] [TCP ACKed unseen segment] 57458  >  443 [ACK] Seq=1 Ack=2 Win=501 Len=0 TSval=681191945 TSecr=2970038552"
"2743","47.712734","10.0.0.14","159.124.42.26","TLSv1.2","111","47.712734000","Application Data"
"2762","47.969888","10.0.0.14","159.124.42.26","TLSv1.2","111","47.969888000","Application Data"
"2784","48.218652","10.0.0.14","159.124.42.26","TLSv1.2","111","48.218652000","Application Data"
"2802","48.471647","10.0.0.14","159.124.42.26","TLSv1.2","111","48.471647000","Application Data"
"2854","49.154843","2a06:c701:472d:c000:f796:c198:3a7:a863","2600:9000:2024:8600:e:4185:5680:93a1","TCP","88","49.154843000","[TCP Keep-Alive] 33124  >  443 [ACK] Seq=239 Ack=2098 Win=501 Len=0 TSval=2849039587 TSecr=3798510862"
"2872","49.390100","10.0.0.14","140.82.114.26","TLSv1.2","98","49.390100000","[TCP Previous segment not captured] , Application Data"
"2880","49.469848","10.0.0.14","159.124.42.26","TLSv1.2","111","49.469848000","Application Data"
"2918","49.936913","10.0.0.14","13.226.2.120","TCP","68","49.936913000","[TCP Previous segment not captured] 36092  >  443 [FIN, ACK] Seq=2 Ack=40 Win=501 Len=0 TSval=901164633 TSecr=532992028"
"2920","49.937058","10.0.0.14","13.226.2.120","TCP","68","49.937058000","36092  >  443 [ACK] Seq=3 Ack=41 Win=501 Len=0 TSval=901164633 TSecr=532992028"
"2924","49.972632","10.0.0.14","159.124.42.26","TLSv1.2","111","49.972632000","Application Data"
"2949","50.331337","10.0.0.14","159.124.42.26","TLSv1.2","106","50.331337000","Application Data"
"2953","50.355482","2a06:c701:472d:c000:f796:c198:3a7:a863","2a03:2880:f242:c8:face:b00c:0:167","TCP","88","50.355482000","60612  >  443 [ACK] Seq=750 Ack=3463 Win=501 Len=0 TSval=1247544650 TSecr=2323686497"
"2954","50.362951","2a06:c701:472d:c000:f796:c198:3a7:a863","2a03:2880:f242:c8:face:b00c:0:167","TLSv1.2","160","50.362951000","Application Data"
"2963","50.442798","10.0.0.14","159.124.42.26","TCP","68","50.442798000","36690  >  443 [ACK] Seq=7391 Ack=4557 Win=501 Len=0 TSval=2184541433 TSecr=1968134448"
"2964","50.442895","10.0.0.14","104.121.10.34","TLSv1.2","713","50.442895000","[TCP Previous segment not captured] , Application Data"
"2966","50.452556","10.0.0.14","159.124.42.26","TCP","68","50.452556000","36690  >  443 [ACK] Seq=7391 Ack=4606 Win=501 Len=0 TSval=2184541443 TSecr=1968134507"
"2967","50.452819","10.0.0.14","159.124.42.26","TLSv1.2","135","50.452819000","Application Data"
"2979","50.701116","10.0.0.14","104.121.10.34","TCP","68","50.701116000","46628  >  443 [ACK] Seq=647 Ack=1735 Win=488 Len=0 TSval=3059318666 TSecr=871017752"
"2980","50.706921","10.0.0.14","104.121.10.34","TLSv1.2","735","50.706921000","Application Data"
"2984","50.781772","10.0.0.14","159.124.42.26","TLSv1.2","106","50.781772000","Application Data"
"2989","50.847306","10.0.0.14","159.124.42.26","TCP","68","50.847306000","36698  >  443 [ACK] Seq=1404 Ack=1170 Win=501 Len=0 TSval=2184541837 TSecr=1968134900"
"2994","50.889317","10.0.0.14","159.124.42.26","TCP","68","50.889317000","36698  >  443 [ACK] Seq=1404 Ack=1219 Win=501 Len=0 TSval=2184541879 TSecr=1968134943"
"2995","50.889506","10.0.0.14","159.124.42.26","TLSv1.2","135","50.889506000","Application Data"
"3000","50.988580","10.0.0.14","104.121.10.34","TCP","68","50.988580000","46628  >  443 [ACK] Seq=1314 Ack=3651 Win=501 Len=0 TSval=3059318954 TSecr=871018042"
"3002","50.991712","10.0.0.14","104.121.10.34","TCP","68","50.991712000","46628  >  443 [ACK] Seq=1314 Ack=6449 Win=501 Len=0 TSval=3059318957 TSecr=871018044"
"3006","50.994234","10.0.0.14","104.121.10.34","TCP","68","50.994234000","46628  >  443 [ACK] Seq=1314 Ack=9247 Win=501 Len=0 TSval=3059318959 TSecr=871018047"
"3008","50.997002","10.0.0.14","104.121.10.34","TCP","68","50.997002000","46628  >  443 [ACK] Seq=1314 Ack=12045 Win=501 Len=0 TSval=3059318962 TSecr=871018051"
"3013","51.046775","10.0.0.14","104.121.10.34","TCP","68","51.046775000","46628  >  443 [ACK] Seq=1314 Ack=13188 Win=501 Len=0 TSval=3059319012 TSecr=871018054"
"3049","52.076631","10.0.0.14","159.124.42.26","TLSv1.2","111","52.076631000","Application Data"
"3057","52.158681","2a06:c701:472d:c000:f796:c198:3a7:a863","2407:30c0:182::aa72:3406","TCP","88","52.158681000","[TCP Dup ACK 66#10] [TCP ACKed unseen segment] 57446  >  443 [ACK] Seq=1 Ack=2 Win=501 Len=0 TSval=681196851 TSecr=3899337116"
"3065","52.374302","2a06:c701:472d:c000:f796:c198:3a7:a863","2407:30c0:182::aa72:3406","TCP","88","52.374302000","[TCP Dup ACK 83#10] [TCP ACKed unseen segment] 57458  >  443 [ACK] Seq=1 Ack=2 Win=501 Len=0 TSval=681197066 TSecr=2970038552"
"3125","54.086190","10.0.0.14","159.124.42.26","TLSv1.2","106","54.086190000","Application Data"
"3130","54.198842","10.0.0.14","159.124.42.26","TCP","68","54.198842000","36690  >  443 [ACK] Seq=7539 Ack=4716 Win=501 Len=0 TSval=2184545189 TSecr=1968138203"
"3132","54.199952","10.0.0.14","159.124.42.26","TCP","68","54.199952000","36690  >  443 [ACK] Seq=7539 Ack=4765 Win=501 Len=0 TSval=2184545190 TSecr=1968138254"
"3133","54.200138","10.0.0.14","159.124.42.26","TLSv1.2","135","54.200138000","Application Data"
"3148","54.579159","10.0.0.14","159.124.42.26","TLSv1.2","106","54.579159000","Application Data"
"3154","54.641120","10.0.0.14","159.124.42.26","TLSv1.2","135","54.641120000","Application Data"
"3157","54.690832","10.0.0.14","159.124.42.26","TCP","68","54.690832000","36698  >  443 [ACK] Seq=1576 Ack=1306 Win=501 Len=0 TSval=2184545681 TSecr=1968138697"
"3195","55.512217","10.0.0.14","159.124.42.26","TLSv1.2","139","55.512217000","Application Data"
"3202","55.590357","10.0.0.14","159.124.42.26","TLSv1.2","111","55.590357000","Application Data"
"3217","55.750810","10.0.0.14","159.124.42.26","TCP","68","55.750810000","36690  >  443 [ACK] Seq=7720 Ack=4916 Win=501 Len=0 TSval=2184546741 TSecr=1968139759"
"3218","55.751884","10.0.0.14","159.124.42.26","TLSv1.2","111","55.751884000","Application Data"
"3268","56.457881","10.0.0.14","159.124.42.26","TCP","68","56.457881000","36690  >  443 [ACK] Seq=7763 Ack=4988 Win=501 Len=0 TSval=2184547448 TSecr=1968140511"
"3269","56.458054","10.0.0.14","159.124.42.26","TLSv1.2","111","56.458054000","Application Data"
"3276","56.558825","10.0.0.14","159.124.42.26","TCP","68","56.558825000","36690  >  443 [ACK] Seq=7806 Ack=5047 Win=501 Len=0 TSval=2184547549 TSecr=1968140572"
"3277","56.581868","10.0.0.14","159.124.42.26","TLSv1.2","111","56.581868000","Application Data"
"3300","57.277456","2a06:c701:472d:c000:f796:c198:3a7:a863","2407:30c0:182::aa72:3406","TCP","88","57.277456000","[TCP Dup ACK 66#11] [TCP ACKed unseen segment] 57446  >  443 [ACK] Seq=1 Ack=2 Win=501 Len=0 TSval=681201970 TSecr=3899337116"
"3306","57.494113","2a06:c701:472d:c000:f796:c198:3a7:a863","2407:30c0:182::aa72:3406","TCP","88","57.494113000","[TCP Dup ACK 83#11] [TCP ACKed unseen segment] 57458  >  443 [ACK] Seq=1 Ack=2 Win=501 Len=0 TSval=681202186 TSecr=2970038552"
"3320","57.877670","10.0.0.14","159.124.42.26","TLSv1.2","106","57.877670000","Application Data"
"3325","57.940249","10.0.0.14","159.124.42.26","TCP","68","57.940249000","36690  >  443 [ACK] Seq=7887 Ack=5085 Win=501 Len=0 TSval=2184548930 TSecr=1968141994"
"3327","57.952228","10.0.0.14","159.124.42.26","TCP","68","57.952228000","36690  >  443 [ACK] Seq=7887 Ack=5134 Win=501 Len=0 TSval=2184548942 TSecr=1968142004"
"3329","57.952265","10.0.0.14","159.124.42.26","TCP","68","57.952265000","36690  >  443 [ACK] Seq=7887 Ack=5206 Win=501 Len=0 TSval=2184548942 TSecr=1968142004"
"3330","57.952412","10.0.0.14","159.124.42.26","TLSv1.2","135","57.952412000","Application Data"
"3331","57.953803","10.0.0.14","159.124.42.26","TLSv1.2","111","57.953803000","Application Data"
"3344","58.317404","10.0.0.14","159.124.42.26","TLSv1.2","106","58.317404000","Application Data"
"3349","58.380764","10.0.0.14","159.124.42.26","TCP","68","58.380764000","36698  >  443 [ACK] Seq=1614 Ack=1344 Win=501 Len=0 TSval=2184549371 TSecr=1968142435"
"3352","58.387284","10.0.0.14","159.124.42.26","TCP","68","58.387284000","36698  >  443 [ACK] Seq=1614 Ack=1393 Win=501 Len=0 TSval=2184549377 TSecr=1968142440"
"3353","58.387426","10.0.0.14","159.124.42.26","TLSv1.2","135","58.387426000","Application Data"
"3390","59.262561","10.0.0.14","159.124.42.26","TLSv1.2","824","59.262561000","Application Data"
"3395","59.374841","10.0.0.14","159.124.42.26","TCP","68","59.374841000","36690  >  443 [ACK] Seq=8753 Ack=5249 Win=501 Len=0 TSval=2184550365 TSecr=1968143385"
"3414","59.951018","10.0.0.14","159.124.42.26","TCP","68","59.951018000","36690  >  443 [ACK] Seq=8753 Ack=5321 Win=501 Len=0 TSval=2184550941 TSecr=1968144005"
"3415","59.951213","10.0.0.14","159.124.42.26","TLSv1.2","111","59.951213000","Application Data"
"3431","60.430803","10.0.0.14","159.124.42.26","TLSv1.2","271","60.430803000","Application Data"
"3437","60.542849","10.0.0.14","159.124.42.26","TCP","68","60.542849000","36690  >  443 [ACK] Seq=8999 Ack=5364 Win=501 Len=0 TSval=2184551533 TSecr=1968144553"
"3464","61.438430","2a06:c701:472d:c000:f796:c198:3a7:a863","2a03:2880:f242:c8:face:b00c:0:167","TLSv1.2","158","61.438430000","Application Data"
"3470","61.617443","10.0.0.14","159.124.42.26","TLSv1.2","106","61.617443000","Application Data"
"3471","61.626814","2a06:c701:472d:c000:f796:c198:3a7:a863","2a03:2880:f242:c8:face:b00c:0:167","TCP","88","61.626814000","60612  >  443 [ACK] Seq=892 Ack=3535 Win=501 Len=0 TSval=1247555921 TSecr=2323697727"
"3474","61.680413","10.0.0.14","159.124.42.26","TCP","68","61.680413000","36690  >  443 [ACK] Seq=9037 Ack=5402 Win=501 Len=0 TSval=2184552671 TSecr=1968145734"
"3477","61.707430","10.0.0.14","159.124.42.26","TCP","68","61.707430000","36690  >  443 [ACK] Seq=9037 Ack=5451 Win=501 Len=0 TSval=2184552698 TSecr=1968145761"
"3478","61.707631","10.0.0.14","159.124.42.26","TLSv1.2","135","61.707631000","Application Data"
"3493","62.080238","10.0.0.14","159.124.42.26","TLSv1.2","106","62.080238000","Application Data"
"3499","62.134555","10.0.0.14","159.124.42.26","TLSv1.2","135","62.134555000","Application Data"
"3502","62.186769","10.0.0.14","159.124.42.26","TCP","68","62.186769000","36698  >  443 [ACK] Seq=1786 Ack=1480 Win=501 Len=0 TSval=2184553177 TSecr=1968146197"
"3514","62.411814","2a06:c701:472d:c000:f796:c198:3a7:a863","2407:30c0:182::aa72:3406","TCP","88","62.411814000","[TCP Dup ACK 66#12] [TCP ACKed unseen segment] 57446  >  443 [ACK] Seq=1 Ack=2 Win=501 Len=0 TSval=681207104 TSecr=3899337116"
"3531","62.612894","2a06:c701:472d:c000:f796:c198:3a7:a863","2407:30c0:182::aa72:3406","TCP","88","62.612894000","[TCP Dup ACK 83#12] [TCP ACKed unseen segment] 57458  >  443 [ACK] Seq=1 Ack=2 Win=501 Len=0 TSval=681207305 TSecr=2970038552"
"3538","62.706043","10.0.0.14","159.124.42.26","TLSv1.2","111","62.706043000","Application Data"
"3541","62.718862","10.0.0.14","152.199.19.160","TCP","68","62.718862000","[TCP Keep-Alive] 42372  >  443 [ACK] Seq=1751 Ack=8473 Win=64128 Len=0 TSval=286378317 TSecr=4171254663"
"3682","64.714231","10.0.0.14","159.124.42.26","TLSv1.2","111","64.714231000","Application Data"
"3702","64.971437","10.0.0.14","159.124.42.26","TLSv1.2","111","64.971437000","Application Data"
"3731","65.367934","10.0.0.14","159.124.42.26","TLSv1.2","106","65.367934000","Application Data"
"3738","65.430476","10.0.0.14","159.124.42.26","TLSv1.2","241","65.430476000","Application Data"
"3742","65.455532","10.0.0.14","159.124.42.26","TLSv1.2","135","65.455532000","Application Data"
"3743","65.505815","10.0.0.14","159.124.42.26","TLSv1.2","111","65.505815000","Application Data"
"3748","65.562819","10.0.0.14","159.124.42.26","TCP","68","65.562819000","36690  >  443 [ACK] Seq=9554 Ack=5869 Win=501 Len=0 TSval=2184556553 TSecr=1968149572"
"3770","65.841176","10.0.0.14","159.124.42.26","TLSv1.2","106","65.841176000","Application Data"
"3774","65.882622","10.0.0.14","159.124.42.26","TCP","68","65.882622000","36698  >  443 [ACK] Seq=1824 Ack=1529 Win=501 Len=0 TSval=2184556873 TSecr=1968149935"
"3775","65.882800","10.0.0.14","159.124.42.26","TLSv1.2","135","65.882800000","Application Data"
"3781","65.934477","2a06:c701:472d:c000:f796:c198:3a7:a863","2a03:2880:f242:c8:face:b00c:0:167","TCP","88","65.934477000","60612  >  443 [ACK] Seq=892 Ack=4911 Win=493 Len=0 TSval=1247560229 TSecr=2323702077"
"3784","65.958768","10.0.0.14","159.124.42.26","TCP","68","65.958768000","36690  >  443 [ACK] Seq=9554 Ack=5941 Win=501 Len=0 TSval=2184556949 TSecr=1968150007"
"3785","65.966776","10.0.0.14","159.124.42.26","TCP","68","65.966776000","36698  >  443 [ACK] Seq=1891 Ack=1567 Win=501 Len=0 TSval=2184556957 TSecr=1968149959"
"3787","66.009130","10.0.0.14","159.124.42.26","TLSv1.2","111","66.009130000","Application Data"
"3800","66.261298","2a06:c701:472d:c000:f796:c198:3a7:a863","2a03:2880:f242:c8:face:b00c:0:167","TLSv1.2","159","66.261298000","Application Data"
"3801","66.279035","2a06:c701:472d:c000:f796:c198:3a7:a863","2a03:2880:f242:c8:face:b00c:0:167","TLSv1.2","184","66.279035000","Application Data"
"3832","66.593106","10.0.0.14","159.124.42.26","TCP","68","66.593106000","36690  >  443 [ACK] Seq=9597 Ack=6000 Win=501 Len=0 TSval=2184557583 TSecr=1968150647"
"3833","66.593420","10.0.0.14","159.124.42.26","TLSv1.2","111","66.593420000","Application Data"
"3959","67.456144","10.0.0.14","159.124.42.26","TCP","68","67.456144000","36690  >  443 [ACK] Seq=9640 Ack=6249 Win=501 Len=0 TSval=2184558446 TSecr=1968151510"
"3960","67.473144","10.0.0.14","159.124.42.26","TLSv1.2","111","67.473144000","Application Data"
"3967","67.517908","2a06:c701:472d:c000:f796:c198:3a7:a863","2407:30c0:182::aa72:3406","TCP","88","67.517908000","[TCP Dup ACK 66#13] [TCP ACKed unseen segment] 57446  >  443 [ACK] Seq=1 Ack=2 Win=501 Len=0 TSval=681212210 TSecr=3899337116"
"3996","67.734337","2a06:c701:472d:c000:f796:c198:3a7:a863","2407:30c0:182::aa72:3406","TCP","88","67.734337000","[TCP Dup ACK 83#13] [TCP ACKed unseen segment] 57458  >  443 [ACK] Seq=1 Ack=2 Win=501 Len=0 TSval=681212426 TSecr=2970038552"
"4016","67.974974","10.0.0.14","159.124.42.26","TLSv1.2","111","67.974974000","Application Data"
"4019","68.026572","2a06:c701:472d:c000:f796:c198:3a7:a863","2600:9000:2024:8600:e:4185:5680:93a1","TLSv1.2","156","68.026572000","Application Data"
"4020","68.026899","2a06:c701:472d:c000:f796:c198:3a7:a863","2600:9000:2024:8600:e:4185:5680:93a1","TLSv1.2","127","68.026899000","Application Data"
"4021","68.027853","2a06:c701:472d:c000:f796:c198:3a7:a863","2600:9000:2024:8600:e:4185:5680:93a1","TLSv1.2","150","68.027853000","Application Data"
"4030","68.082786","2a06:c701:472d:c000:f796:c198:3a7:a863","2600:9000:2024:8600:e:4185:5680:93a1","TCP","88","68.082786000","33124  >  443 [ACK] Seq=409 Ack=2137 Win=501 Len=0 TSval=2849058515 TSecr=3798574972"
"4034","68.112397","2a06:c701:472d:c000:f796:c198:3a7:a863","2600:9000:2024:8600:e:4185:5680:93a1","TCP","88","68.112397000","33124  >  443 [ACK] Seq=409 Ack=3166 Win=493 Len=0 TSval=2849058545 TSecr=3798575041"
"4035","68.113017","2a06:c701:472d:c000:f796:c198:3a7:a863","2600:9000:2024:8600:e:4185:5680:93a1","TLSv1.2","123","68.113017000","Application Data"
"4037","68.113585","2a06:c701:472d:c000:f796:c198:3a7:a863","2600:9000:2024:8600:e:4185:5680:93a1","TLSv1.2","123","68.113585000","Application Data"
"4047","68.312479","10.0.0.14","159.124.42.26","TLSv1.2","139","68.312479000","Application Data"
"4053","68.426772","10.0.0.14","159.124.42.26","TCP","68","68.426772000","36690  >  443 [ACK] Seq=9797 Ack=6364 Win=501 Len=0 TSval=2184559417 TSecr=1968152433"
"4065","68.772748","10.0.0.14","159.124.42.26","TCP","68","68.772748000","36690  >  443 [ACK] Seq=9797 Ack=6435 Win=501 Len=0 TSval=2184559763 TSecr=1968152827"
"4066","68.772965","10.0.0.14","159.124.42.26","TLSv1.2","111","68.772965000","Application Data"
"4079","69.101698","10.0.0.14","159.124.42.26","TLSv1.2","106","69.101698000","Application Data"
"4086","69.203797","10.0.0.14","159.124.42.26","TCP","68","69.203797000","36690  >  443 [ACK] Seq=9878 Ack=6522 Win=501 Len=0 TSval=2184560194 TSecr=1968153218"
"4087","69.204012","10.0.0.14","159.124.42.26","TLSv1.2","135","69.204012000","Application Data"
"4106","69.488635","10.0.0.14","159.124.42.26","TLSv1.2","111","69.488635000","Application Data"
"4110","69.532095","10.0.0.14","159.124.42.26","TLSv1.2","106","69.532095000","Application Data"
"4118","69.598181","10.0.0.14","159.124.42.26","TCP","68","69.598181000","36698  >  443 [ACK] Seq=1929 Ack=1605 Win=501 Len=0 TSval=2184560588 TSecr=1968153649"
"4127","69.642362","10.0.0.14","159.124.42.26","TCP","68","69.642362000","36698  >  443 [ACK] Seq=1929 Ack=1654 Win=501 Len=0 TSval=2184560633 TSecr=1968153692"
"4128","69.642529","10.0.0.14","159.124.42.26","TLSv1.2","135","69.642529000","Application Data"
"4158","69.985325","10.0.0.14","159.124.42.26","TLSv1.2","111","69.985325000","Application Data"
"4254","71.987130","10.0.0.14","159.124.42.26","TLSv1.2","111","71.987130000","Application Data"
"4288","72.454310","10.0.0.14","159.124.42.26","TCP","68","72.454310000","36690  >  443 [ACK] Seq=10074 Ack=6878 Win=501 Len=0 TSval=2184563444 TSecr=1968156506"
"4290","72.491447","10.0.0.14","159.124.42.26","TLSv1.2","111","72.491447000","Application Data"
"4303","72.638997","2a06:c701:472d:c000:f796:c198:3a7:a863","2407:30c0:182::aa72:3406","TCP","88","72.638997000","[TCP Dup ACK 66#14] [TCP ACKed unseen segment] 57446  >  443 [ACK] Seq=1 Ack=2 Win=501 Len=0 TSval=681217331 TSecr=3899337116"
"4318","72.838607","10.0.0.14","159.124.42.26","TLSv1.2","106","72.838607000","Application Data"
"4321","72.852749","2a06:c701:472d:c000:f796:c198:3a7:a863","2407:30c0:182::aa72:3406","TCP","88","72.852749000","[TCP Dup ACK 83#14] [TCP ACKed unseen segment] 57458  >  443 [ACK] Seq=1 Ack=2 Win=501 Len=0 TSval=681217545 TSecr=2970038552"
"4332","73.000555","10.0.0.14","159.124.42.26","TCP","68","73.000555000","36690  >  443 [ACK] Seq=10155 Ack=6965 Win=501 Len=0 TSval=2184563991 TSecr=1968156955"
"4333","73.000638","10.0.0.14","159.124.42.26","TLSv1.2","135","73.000638000","Application Data"
"4337","73.046770","10.0.0.14","159.124.42.26","TCP","68","73.046770000","36690  >  443 [ACK] Seq=10222 Ack=7037 Win=501 Len=0 TSval=2184564037 TSecr=1968157013"
"4338","73.046993","10.0.0.14","159.124.42.26","TLSv1.2","111","73.046993000","Application Data"
"4340","73.062273","10.0.0.14","159.124.42.26","TLSv1.2","826","73.062273000","Application Data"
"4360","73.289497","10.0.0.14","159.124.42.26","TLSv1.2","106","73.289497000","Application Data"
"4367","73.314172","10.0.0.14","159.124.42.26","TCP","68","73.314172000","36690  >  443 [ACK] Seq=11023 Ack=7080 Win=501 Len=0 TSval=2184564304 TSecr=1968157247"
"4379","73.386515","10.0.0.14","159.124.42.26","TCP","68","73.386515000","36698  >  443 [ACK] Seq=2034 Ack=1741 Win=501 Len=0 TSval=2184564377 TSecr=1968157431"
"4380","73.386613","10.0.0.14","159.124.42.26","TLSv1.2","135","73.386613000","Application Data"
"4388","73.546380","10.0.0.14","159.124.42.26","TCP","80","73.546380000","[TCP Dup ACK 4379#1] 36698  >  443 [ACK] Seq=2101 Ack=1741 Win=501 Len=0 TSval=2184564537 TSecr=1968157600 SLE=1692 SRE=1741"
"4390","73.694781","10.0.0.14","159.124.42.26","TCP","135","73.694781000","[TCP Retransmission] 36698  >  443 [PSH, ACK] Seq=2034 Ack=1741 Win=501 Len=67 TSval=2184564685 TSecr=1968157600"
"4422","73.954929","10.0.0.14","159.124.42.26","TCP","68","73.954929000","36690  >  443 [ACK] Seq=11023 Ack=7152 Win=501 Len=0 TSval=2184564945 TSecr=1968158009"
"4423","73.955121","10.0.0.14","159.124.42.26","TLSv1.2","111","73.955121000","Application Data"
